{"camera": {"position": {"x": -1.454546, "y": 1.189032, "z": -1.441166}, "rotation": {"w": 0.9005449, "x": 0.2416909, "y": 0.347846, "z": -0.0980178}, "focalLength": {"x": 501.3368, "y": 502.006}, "principalPoint": {"x": 322.6792, "y": 238.5306}}, "frameId": 0}