{"camera": {"position": {"x": -1.448802, "y": 1.185019, "z": -1.467627}, "rotation": {"w": 0.9047112, "x": 0.2421244, "y": 0.3379684, "z": -0.09300835}, "focalLength": {"x": 501.3368, "y": 502.006}, "principalPoint": {"x": 322.6792, "y": 238.5306}}, "frameId": 1}